search_id,audit_date,data_family,search_terms_or_strategy,sources_searched,result,qualifying_primary_sources,unresolved_or_negative_finding,next_action
N001,2026-07-23,all,Consensus paper search: monoethanolamine water VLE; experimental VLE; NMR speciation,Consensus API,Three API calls returned ClientResponseError; no Consensus paper-detail records were available.,0 via Consensus API,Consensus-specific paper URLs could not be generated without inventing them.,Retry Consensus separately; retain this primary-web audit as provenance.
N002,2026-07-23,binary MEA–H2O VLE,Cai 1996; Park and Lee 1997; Kim 2008; Park 2009; ethanolamine water VLE tables,"Publisher pages, DOI indexes, browser-rendered mirrors",Four primary papers with readable tables located; 166 binary rows transcribed.,S001–S004,"Exact publisher/repository PDF bytes were not locally retrievable, so source hashes remain blank.","Acquire exact files, hash, and visual-check every row."
N003,2026-07-23,binary MEA–H2O VLE,Nath Bender static VLE; Tochigi; Belabbaci; Touhara; Page/Jolicoeur,Publisher metadata and scholarly search,Additional candidates identified.,S005–S009,Primary tables/uncertainties not acquired; some vapor compositions may be inferred and some systems are ternary.,Obtain publisher PDFs/SI; extract only in-system direct measurements.
N004,2026-07-23,CO2–MEA VLE,30 mass % MEA Jou 1995 full table,Publisher/repository PDF rendering,Table 2 located; 124 equilibrium state rows transcribed.,S010,"pCO2 is calibration-derived, not direct; file hash unavailable.",Acquire exact PDF and verify solvent-vapor correction footnotes.
N005,2026-07-23,CO2–MEA VLE,15 30 45 60 mass % MEA Aronu 2011 tables,Publisher/mirror full text,Source and concentration coverage confirmed.,S011,"Table rendering interleaved experimental and extended-UNIQUAC model pCO2, preventing defensible row mapping.",Acquire exact typeset PDF/SI and manually map columns.
N006,2026-07-23,CO2–MEA VLE,Wagner 2013 low high loading MEA tables,Publisher/mirror full text,Tables 3–6 located; 112 rows transcribed.,S012,Exact source bytes/hash unavailable; high-pressure tables provide total P only.,Acquire exact PDF; retain total P as the only high-pressure target.
N007,2026-07-23,CO2–MEA VLE,exact 20 wt% OR 20 mass% MEA equilibrium CO2 partial pressure loading,"Publisher indexes, scholarly search, reference chains",No source-complete exact 20 mass % VLE table acquired.,none,"Nearby concentrations, normalities, speciation, or physical-property data cannot be relabeled as exact 20 mass % VLE.",Author inquiry or new measurement campaign.
N008,2026-07-23,CO2–MEA VLE,Mason Dodge 1936; Atadan 1954; Lee Otto Mather; Lawson Garst,"Historical citation chains, theses/reviews used only for discovery",Historical campaigns identified with broad concentration coverage.,S015–S019,Primary archival scans/tables and uncertainty are missing.,Obtain archival scans and trace duplicate/reprinted rows.
N009,2026-07-23,independent speciation,13C NMR MEA CO2 carbamate bicarbonate carbonate MEAH; online NMR,Publisher indexes and primary full text,"Jakobsen, Böttinger, Yamada, Ciftja identified.","S021–S023, S030",Only one aggregate figure-level row extracted; MEA/MEAH and HCO3/CO3 often unresolved.,Acquire exact tables/SI and standards; retain aggregates.
N010,2026-07-23,independent speciation,Matin facile amine speciation SI Table S1 S2,ACS Figshare/SI metadata and main paper,SI filename and DOI identified.,S024,SI bytes/table could not be retrieved; individual amine species are balance-inferred.,Retrieve SI directly and extract direct TIC/alkalinity separately from inferred species.
N011,2026-07-23,independent speciation,Raman FTIR in situ MEA species distribution equilibrium,Publisher indexes and primary metadata,"Souchon, Jackson, Wong, Idris candidates identified.",S025–S029,"Calibration standards, covariance, and raw numerical rows not acquired.",Request calibration/data files; reject modeled or balance-labeled calibration targets.
N012,2026-07-23,dielectric/Born,MEA water dielectric relaxation static permittivity broadband 0.05 89 GHz,RSC/publisher metadata and article,Broadband unloaded MEA/water candidate identified.,S031,Static limit appears fit from dispersion; exact SI parameters/covariance missing.,"Acquire SI and spectra; label εs fitted, not direct."
N013,2026-07-23,dielectric/Born,CO2-loaded 30% MEA dielectric microwave 915 2450 MHz conductivity Cole-Cole,Publisher metadata,Loaded microwave paper identified.,S032,No near-DC measurement; raw spectra and fit covariance unavailable.,Acquire data; never relabel microwave ε′ as ε0.
N014,2026-07-23,dielectric/Born,static zero-frequency permittivity CO2-loaded monoethanolamine conductivity low frequency impedance,Publisher and scholarly search,No qualifying source-complete dataset found.,none,True static ε0 with electrode-polarization/conductivity treatment remains a critical gap.,New broadband low-frequency experiment or author data.
N015,2026-07-23,ionic activity,MEAH+ MEACOO- activity coefficient mean activity osmotic coefficient EMF vapor pressure osmometry,"Publisher, NIST, scholarly search","pKa/EMF sources found, but no target-ion activity dataset.",S035–S038 only for protonation equilibrium,No direct individual or mean activity evidence for the target ion pair.,New target-ion electrochemical/osmotic measurements.
N016,2026-07-23,ionic activity,monoethanolammonium carbamate salt osmotic activity analog salts,Scholarly search,Analog electrolyte data may exist.,0 qualifying,Analog salts are off-target and cannot be relabeled as MEAH+/MEACOO− evidence.,Exclude analogs or use only as explicitly weak priors outside qualification.
N017,2026-07-23,physical properties,density viscosity CO2-loaded MEA 20 30 40 wt% ThermoML,NIST ThermoML and publisher metadata,Amundsen and Hartono records identified.,S039–S040,Machine-readable ThermoML is a secondary encoding; article cross-check and hashes pending.,Download both article and ThermoML; compare row-by-row.
N018,2026-07-23,physical properties/byproducts,carbonated MEA degradation products density viscosity HEIA HEEDA oxazolidone,Open repository primary PDF,"Tables 4, 5, 7, 8 located; 189 cells transcribed.",S059,Source file hash unavailable and source-defined alpha formulas need exact text extraction.,Acquire exact repository PDF; hash and add alpha definitions.
N019,2026-07-23,physical gas solubility,N2O solubility MEA; CO2 physical solubility N2O analogy,"Publisher, NIST, scholarly search",Multiple direct N2O and analogy candidates identified.,"S040, S043–S047",No row-level extraction completed; N2O→CO2 values are indirect.,Extract direct N2O rows and measurement equations; keep surrogate classification.
N020,2026-07-23,calorimetry,MEA water excess enthalpy heat absorption differential integral calorimetry,Publisher indexes and scholarly search,"Maham, Mathonat, Kim, Arcis, Carson candidates identified.",S048–S053,No source-complete numerical rows/covariance; one commonly cited DOI appears MDEA-only.,Acquire primary tables; preserve heat definition and sign; reject off-system source.
N021,2026-07-23,pH/electrochemical,equilibrium pH CO2 loaded monoethanolamine temperature loading calibration standards ionic strength,Publisher and scholarly search,Process pH and pKa/EMF candidates found.,"S035–S038, S060",No dataset met all equilibrium and pH metrology requirements.,"New equilibrium pH campaign with stated scale, standards, and uncertainty."
N022,2026-07-23,pure MEA/association,pure MEA vapor pressure density heat capacity ethanolamine association,"Publisher, NIST, scholarly search","Kim pure vapor-pressure rows extracted; Kapteina, DiGuilio, Cp sources identified; dielectric association paper found.","S003, S031, S054–S058",Only 16 pure vapor-pressure rows extracted; density/Cp/association tables and source hashes pending.,Acquire primary tables and separate raw data from fitted equations.
